World Rank,Institution
1,Harvard University
2,Massachusetts Institute of Technology
3,Stanford University
4,University of Cambridge
5,University of Oxford
6,Princeton University
7,University of Pennsylvania
8,Columbia University
9,Yale University
10,University of Chicago
11,California Institute of Technology
12,"University of California, Berkeley"
13,University of Tokyo
14,Cornell University
15,Northwestern University
16,"University of Michigan, Ann Arbor"
17,"University of California, Los Angeles"
18,Johns Hopkins University
19,PSL University
20,University College London
21,Duke University
22,University of Illinois at Urbana–Champaign
23,University of Toronto
24,Kyoto University
25,New York University
26,University of Washington
27,McGill University
28,Imperial College London
29,Paris City University
30,University of Wisconsin–Madison
31,Seoul National University
32,ETH Zurich
33,"University of California, San Diego"
34,Paris-Saclay University
35,Institut Polytechnique de Paris
36,University of Texas at Austin
37,Tsinghua University
38,University of Copenhagen
39,"University of California, San Francisco"
40,University of North Carolina at Chapel Hill
41,Karolinska Institute
42,King's College London
43,Sorbonne University
44,Peking University
45,Dartmouth College
46,University of Chinese Academy of Sciences
47,Washington University in St. Louis
48,University of British Columbia
49,University of Minnesota - Twin Cities
50,Ludwig Maximilian University of Munich
51,University of Edinburgh
52,University of New South Wales
53,University of Manchester
54,University of Southern California
55,Ohio State University
56,Vanderbilt University
57,Pennsylvania State University
58,Humboldt University of Berlin
59,Free University of Berlin
60,"University of California, Davis"
61,Shanghai Jiao Tong University
62,University of Zurich
63,Rutgers University
64,University of Melbourne
65,Hebrew University of Jerusalem
66,Purdue University
67,University of Texas Southwestern Medical Center
68,Zhejiang University
69,Rockefeller University
70,Weizmann Institute of Science
71,Brown University
72,Heidelberg University
73,Fudan University
74,Georgia Institute of Technology
75,University of Colorado Boulder
76,University of Virginia
77,Technical University of Munich
78,Utrecht University
79,University of Rochester
80,National University of Singapore
81,University of Alberta
82,"Texas A&M University, College Station"
83,University of Amsterdam
84,University of Pittsburgh
85,University of Basel
86,University of Florida
87,University of Oslo
88,Leiden University
89,"University of California, Irvine"
90,Australian National University
91,Uppsala University
92,"University of Maryland, College Park"
93,University of Birmingham
94,University of Sydney
95,Sun Yat-sen University
96,University of Science and Technology of China
97,Carnegie Mellon University
98,Huazhong University of Science and Technology
99,Boston University
100,Aarhus University
101,University of Bristol
102,University of Arizona
103,University of Queensland
104,University of Groningen
105,KU Leuven
106,École Polytechnique Fédérale de Lausanne
107,Osaka University
108,Keio University
109,University of Leeds
110,University of Göttingen
111,Erasmus University Rotterdam
112,"University of California, Santa Barbara"
113,National Taiwan University
114,University of Utah
115,University of Geneva
116,University of Texas MD Anderson Cancer Center
117,Monash University
118,University of São Paulo
119,University of Bonn
120,University of Tübingen
121,Indiana University Bloomington
122,INSEAD
123,Nagoya University
124,University of Montreal
125,Sapienza University of Rome
126,Autonomous University of Barcelona
127,University of Helsinki
128,Ghent University
129,Nanjing University
130,Lund University
131,University of Glasgow
132,Nanyang Technological University
133,University of Southampton
134,Emory University
135,Baylor College of Medicine
136,University of Barcelona
137,University of Freiburg
138,Xi'an Jiaotong University
139,University of Bern
140,Wuhan University
141,University of Liverpool
142,Tianjin University
143,Yonsei University
144,University of Colorado Denver | Anschutz Medical Campus
145,Institute of Science Tokyo
146,Xiamen University
147,University of Nottingham
148,KTH Royal Institute of Technology
149,University of Strasbourg
150,Case Western Reserve University
151,University of Western Australia
152,Goethe University Frankfurt
153,Stockholm University
154,Sichuan University
155,Korea University
156,Tel Aviv University
157,Harbin Institute of Technology
158,Tohoku University
159,VU Amsterdam
160,University of Iowa
161,University of Hong Kong
162,Central South University
163,Queen Mary University of London
164,Grenoble Alpes University
165,Michigan State University
166,University of Sheffield
167,Tongji University
168,Shandong University
169,Aix-Marseille University
170,Cardiff University
171,South China University of Technology
172,Radboud University
173,Newcastle University
174,Icahn School of Medicine at Mount Sinai
175,University of Gothenburg
176,Chinese University of Hong Kong
177,University of Montpellier
178,University of Padova
179,University of Massachusetts Amherst
180,Rice University
181,Southeast University
182,Norwegian University of Science and Technology
183,Tufts University
184,University of Warwick
185,Western University
186,McMaster University
187,University of Hamburg
188,Technion – Israel Institute of Technology
189,Nankai University
190,University of Cologne
191,University of Milan
192,University of Alabama at Birmingham
193,Wageningen University & Research
194,Jilin University
195,Sungkyunkwan University
196,Arizona State University
197,University of Lausanne
198,Brandeis University
199,University of Vienna
200,Iowa State University
201,Hong Kong University of Science and Technology
202,University of Calgary
203,Hong Kong Polytechnic University
204,University of Bologna
205,University of Notre Dame
206,Technical University of Denmark
207,University of Connecticut
208,London School of Hygiene & Tropical Medicine
209,North Carolina State University
210,"Soochow University, China"
211,University of Waterloo
212,Beihang University
213,University of Adelaide
214,Zhengzhou University
215,Stony Brook University
216,University of Miami
217,City University of Hong Kong
218,University of Lisbon
219,Johannes Gutenberg University Mainz
220,University of Ottawa
221,Georgetown University
222,University of Münster
223,Claude Bernard University Lyon 1
224,RWTH Aachen University
225,Paul Sabatier University
226,University of Kansas
227,University of Georgia
228,Waseda University
229,Beijing Institute of Technology
230,Technical University of Dresden
231,Dalian University of Technology
232,"University of Tennessee, Knoxville"
233,University of Electronic Science and Technology of China
234,University of Würzburg
235,Hunan University
236,Institut national du service public
237,King Abdullah University of Science and Technology
238,Université catholique de Louvain
239,University of Bordeaux
240,Chongqing University
241,University of Erlangen–Nuremberg
242,University of Turin
243,University of Naples Federico II
244,Kiel University
245,Lomonosov Moscow State University
246,University of Cincinnati
247,Hokkaido University
248,Charles University in Prague
249,King Abdulaziz University
250,University of Missouri–Columbia
251,University of Leicester
252,KAIST
253,Complutense University of Madrid
254,University of Illinois at Chicago
255,Shenzhen University
256,Université libre de Bruxelles
257,University of Lille
258,Karlsruhe Institute of Technology
259,Trinity College Dublin
260,Northwestern Polytechnical University
261,University of Exeter
262,University of Texas Health Science Center at Houston
263,University of Sussex
264,Maastricht University
265,Kyushu University
266,China Europe International Business School
267,University of Houston
268,"University of California, Riverside"
269,Delft University of Technology
270,Yeshiva University
271,Wake Forest University
272,Beijing Normal University
273,Virginia Commonwealth University
274,University of Florence
275,University of Cape Town
276,Colorado State University
277,University of Auckland
278,Leipzig University
279,Oregon Health & Science University
280,University of Lorraine
281,Virginia Tech
282,National Autonomous University of Mexico
283,University of Reading
284,George Washington University
285,Medical University of Vienna
286,University of Genoa
287,National and Kapodistrian University of Athens
288,University of Pisa
289,University of Southern Denmark
290,The Scripps Research Institute
291,Oregon State University
292,University of the Witwatersrand
293,China Agricultural University
294,University of Tsukuba
295,University of Manitoba
296,University of Antwerp
297,University of Liège
298,University of Valencia
299,University College Dublin
300,Peking Union Medical College
301,Southern University of Science and Technology
302,University of Porto
303,University of Bergen
304,University of Science and Technology Beijing
305,Laval University
306,Capital Medical University
307,Washington State University
308,Florida State University
309,Lanzhou University
310,Autonomous University of Madrid
311,Hanyang University
312,East China Normal University
313,"University of Maryland, Baltimore"
314,University of Technology Sydney
315,University of Duisburg-Essen
316,UMass Chan Medical School
317,University of Oklahoma
318,University of Rennes
319,University of East Anglia
320,P.N. Lebedev Physical Institute of the Russian Academy of Sciences
321,University of Kentucky
322,University at Buffalo
323,University of South Florida
324,University of Delaware
325,Ruhr University Bochum
326,King Saud University
327,University of Pavia
328,National Yang Ming Chiao Tung University
329,Curtin University
330,University of Aberdeen
331,Federal University of Rio de Janeiro
332,Aalborg University
333,Queen's University
334,HEC Paris
335,"University of California, Santa Cruz"
336,Polytechnic University of Milan
337,University of Nebraska–Lincoln
338,Jinan University
339,East China University of Science and Technology
340,Northeastern University
341,Macquarie University
342,Nanjing University of Science and Technology
343,Shanghai University
344,Wayne State University
345,University of York
346,Friedrich Schiller University Jena
347,University of Milano-Bicocca
348,"Northeastern University, China"
349,Ulm University
350,University of Granada
351,University of New Mexico
352,Aalto University
353,Dalhousie University
354,Nanjing Medical University
355,Queensland University of Technology
356,Ioffe Physical-Technical Institute of the Russian Academy of Sciences
357,Northwest A&F University
358,Ben-Gurion University of the Negev
359,Nanjing Agricultural University
360,Durham University
361,London School of Economics and Political Science
362,École des ponts ParisTech
363,Islamic Azad University
364,Temple University
365,Deakin University
366,Eindhoven University of Technology
367,Beijing University of Chemical Technology
368,Umeå University
369,University of Campinas
370,Nantes University
371,Queen's University Belfast
372,University of the Basque Country
373,Huazhong Agricultural University
374,University of Rome Tor Vergata
375,University of South Carolina - Columbia
376,Southern Medical University
377,University of Düsseldorf
378,Wuhan University of Technology
379,Griffith University
380,Lancaster University
381,Louisiana State University - Baton Rouge
382,Drexel University
383,Kyung Hee University
384,Linköping University
385,University of Wollongong
386,Xidian University
387,University of Belgrade
388,Jiangsu University
389,Southern Methodist University
390,Nanjing University of Aeronautics and Astronautics
391,Jiangnan University
392,Chalmers University of Technology
393,University of St Andrews
394,University of Turku
395,Jagiellonian University
396,University of Dundee
397,Hannover Medical School
398,Technical University of Catalonia (UPC)
399,Albert Einstein College of Medicine
400,Technical University of Berlin
401,University of Parma
402,University of Otago
403,University of Newcastle
404,Fuzhou University
405,Simon Fraser University
406,National Cheng Kung University
407,Pohang University of Science and Technology
408,University of Ulsan
409,University of Buenos Aires
410,Catholic University of the Sacred Heart
411,University of Malaya
412,Qingdao University
413,University of Marburg
414,University of Seville
415,Pontifical Catholic University of Chile
416,University Paris-Est Créteil
417,City College of New York
418,University of Saskatchewan
419,Vita-Salute San Raffaele University
420,Medical University of South Carolina
421,Guangdong University of Technology
422,University of Tasmania
423,International Institute for Management Development
424,RMIT University
425,Justus Liebig University Giessen
426,Nanjing Tech University
427,University of Warsaw
428,Indian Institute of Management Ahmedabad
429,Southwest University
430,University of Côte d'Azur
431,University of Innsbruck
432,Pompeu Fabra University
433,China University of Geosciences (Wuhan)
434,University of Perugia
435,Nanjing University of Information Science and Technology
436,Vrije Universiteit Brussel
437,Tampere University
438,Swedish University of Agricultural Sciences
439,University of Victoria
440,University of Ljubljana
441,Kyungpook National University
442,Pusan National University
443,Tulane University
444,University of Bath
445,Aristotle University of Thessaloniki
446,University of Bari
447,Institut Agro
448,University of Regensburg
449,University of Coimbra
450,Thomas Jefferson University
451,Nanchang University
452,Zhejiang University of Technology
453,University of Chile
454,São Paulo State University
455,"City St George's, University of London"
456,University of Texas at Dallas
457,University of Surrey
458,Stellenbosch University
459,University of Oregon
460,La Trobe University
461,National Tsing Hua University
462,Chulalongkorn University
463,University of Twente
464,University of Oulu
465,North China Electric Power University
466,University of Macau
467,University of Mississippi
468,Stockholm School of Economics
469,Southwest Jiaotong University
470,Hefei University of Technology
471,Beijing Jiaotong University
472,Yangzhou University
473,Vienna University of Technology
474,Kobe University
475,Beijing University of Technology
476,Federal University of Rio Grande do Sul
477,University of Navarra
478,University of Tehran
479,"University at Albany, SUNY"
480,University of Trento
481,Ulsan National Institute of Science and Technology
482,Ocean University of China
483,Hiroshima University
484,Saint Louis University
485,Chonnam National University
486,University of Clermont Auvergne
487,Western Sydney University
488,University of Central Florida
489,Renmin University of China
490,York University
491,Texas Tech University
492,Nanjing Normal University
493,Medical College of Wisconsin
494,George Mason University
495,University of Texas Health Science Center at San Antonio
496,University of Louisville
497,Federal University of Minas Gerais
498,University of Alabama - Tuscaloosa
499,Swinburne University of Technology
500,University of Santiago de Compostela
501,Amherst College
502,National Research Center «Kurchatov Institute»
503,Martin Luther University Halle-Wittenberg
504,University of Vermont
505,University of KwaZulu-Natal
506,University of Eastern Finland
507,Syracuse University
508,Eötvös Loránd University
509,"China Medical University, Taiwan"
510,Savoie Mont Blanc University
511,University of Trieste
512,Florida International University
513,University of Potsdam
514,University of Strathclyde
515,University of Guelph
516,University of Zagreb
517,Cairo University
518,West Virginia University
519,Rush University
520,Guangzhou Medical University
521,Indian Institute of Science
522,Donghua University
523,Moscow Institute of Physics and Technology
524,University of Catania
525,University of Tennessee Health Science Center
526,Kansas State University
527,University of Tartu
528,Baylor University
529,South China Normal University
530,Boston College
531,University of Ferrara
532,Hohai University
533,Mahidol University
534,NOVA University of Lisbon
535,ShanghaiTech University
536,Polytechnic University of Valencia
537,Flinders University
538,University of Tromsø – The Arctic University of Norway
539,Tianjin Medical University
540,École normale supérieure de Lyon
541,Lehigh University
542,South China Agricultural University
543,Central China Normal University
544,James Cook University
545,University College Cork
546,University of Verona
547,University of Siena
548,Guangxi University
549,University of South Australia
550,University of Hull
551,Technical University of Darmstadt
552,Auburn University
553,University of Hawaii at Manoa
554,Okayama University
555,University of Stuttgart
556,Leibniz University Hannover
557,University of Pretoria
558,Carleton University
559,Masaryk University
560,University of Modena and Reggio Emilia
561,Indian Institute of Technology Madras
562,Indian Institute of Technology Bombay
563,China University of Mining and Technology (Xuzhou)
564,Georgia State University
565,"China University of Geosciences, Beijing"
566,Beijing University of Posts and Telecommunications
567,Novosibirsk State University
568,National University of Defense Technology
569,University of Zaragoza
570,Polytechnic University of Madrid
571,Nanjing University of Posts and Telecommunications
572,Oklahoma State University
573,University of Bremen
574,Swansea University
575,Clemson University
576,Technical University of Dortmund
577,Wenzhou Medical University
578,Saint Petersburg University
579,Shaanxi Normal University
580,Medical University of Graz
581,Tehran University of Medical Sciences
582,Indian Institute of Technology Delhi
583,Medical University of Innsbruck
584,Mayo Clinic College of Medicine and Science
585,University of Konstanz
586,Indiana University Indianapolis
587,University of Arkansas - Fayetteville
588,Rovira i Virgili University
589,Anhui University
590,University of Szeged
591,Bar-Ilan University
592,Antioch College
593,University of Oviedo
594,University of Rostock
595,Illinois Institute of Technology
596,Shandong University of Science and Technology
597,Nanjing Forestry University
598,China University of Petroleum (East China)
599,Naval Medical University
600,Henan University
601,University of Aveiro
602,Bocconi University
603,Chiba University
604,"Northwest University, Xi'an"
605,University of Franche-Comté
606,Colorado School of Mines
607,University of Johannesburg
608,Scuola Normale Superiore di Pisa
609,Ningbo University
610,Polytechnic University of Turin
611,University of Palermo
612,University of Brescia
613,"Royal Holloway, University of London"
614,King Fahd University of Petroleum and Minerals
615,Hitotsubashi University
616,University of Canterbury
617,Federal University of São Paulo
618,University of St.Gallen
619,Sejong University
620,Chung-Ang University
621,Ewha Womans University
622,University of Sherbrooke
623,Loughborough University
624,Osaka Metropolitan University
625,San Diego State University
626,National Technical University of Athens
627,AGH University of Science and Technology
628,Brunel University London
629,Concordia University
630,Guangzhou University
631,University of Burgundy
632,University of Jyväskylä
633,Palacký University Olomouc
634,University of Salerno
635,University of Iceland
636,Delhi University
637,University of La Laguna
638,Chang Gung University
639,Shanxi University
640,Gustave Eiffel University
641,University of Minho
642,University of Graz
643,Harbin Medical University
644,Tata Institute of Fundamental Research
645,University of Nebraska Medical Center
646,COMSATS University Islamabad
647,Shandong Normal University
648,University of Cagliari
649,University of Texas at Arlington
650,Joint Institute for Nuclear Research
651,Chongqing Medical University
652,Army Medical University
653,Jeonbuk National University
654,Catholic University of Korea
655,Beijing Forestry University
656,Northeast Normal University
657,Rouen Normandy University
658,Utah State University
659,University of Campania Luigi Vanvitelli
660,Rensselaer Polytechnic Institute
661,Hacettepe University
662,University of Jinan
663,Institut Mines-Télécom
664,Brigham Young University
665,"China Medical University, PRC"
666,University of Caen Normandy
667,University of Wisconsin–Milwaukee
668,Oswaldo Cruz Foundation
669,"Institute of Cancer Research, University of London"
670,Semmelweis University
671,Memorial University of Newfoundland
672,University of Málaga
673,Qingdao University of Science and Technology
674,Bielefeld University
675,University of Angers
676,Anhui Medical University
677,Hong Kong Baptist University
678,University of Bayreuth
679,Swarthmore College
680,University of Québec at Montreal
681,Yokohama City University
682,University of Fribourg
683,National Central University
684,University of Haifa
685,National Research Nuclear University MEPhI
686,Fujian Agriculture and Forestry University
687,University of Shanghai for Science and Technology
688,Harbin Engineering University
689,Indian Institute of Technology Kharagpur
690,Saarland University
691,Czech Technical University in Prague
692,Air Force Medical University
693,Yeungnam University
694,Kunming University of Science and Technology
695,University of Kent
696,Shandong First Medical University
697,Sharif University of Technology
698,Konkuk University
699,University of Texas Medical Branch
700,University of Udine
701,University of Western Brittany
702,Istanbul University
703,Sciences Po
704,China University of Petroleum-Beijing
705,Chungnam National University
706,"University of Nevada, Reno"
707,University of Galway
708,University of New Hampshire
709,Middle East Technical University
710,University of Missouri-Kansas City
711,University of Poitiers
712,University of Cantabria
713,Binghamton University
714,Henan Normal University
715,College of William & Mary
716,University of Eastern Piedmont
717,Ankara University
718,University of North Texas
719,Victoria University of Wellington
720,Taipei Medical University
721,Mississippi State University
722,University of Texas at San Antonio
723,National Chung Hsing University
724,China Pharmaceutical University
725,Yanshan University
726,Zhejiang Normal University
727,Federal University of Santa Catarina
728,Inha University
729,Hainan University
730,National Polytechnic Institute
731,University of Maine
732,Institut national des sciences appliquées de Lyon
733,Tilburg University
734,Loyola University Chicago
735,Heriot-Watt University
736,Academy of Scientific & Innovative Research
737,Roma Tre University
738,National Research University Higher School of Economics
739,Comenius University Bratislava
740,Ain Shams University
741,Shinshu University
742,University of Salamanca
743,Fujian Medical University
744,Yunnan University
745,Hangzhou Normal University
746,American University of Beirut
747,University of Massachusetts Boston
748,Vilnius University
749,Kanazawa University
750,BOKU University
751,Otto von Guericke University Magdeburg
752,National University of La Plata
753,Massey University
754,Warsaw University of Technology
755,University of Plymouth
756,Taiyuan University of Technology
757,University of Murcia
758,Ajou University
759,Hunan Normal University
760,Haverford College
761,Northumbria University
762,Boğaziçi University
763,Macau University of Science and Technology
764,University of Wyoming
765,Hebei University of Technology
766,Niigata University
767,CINVESTAV
768,Tarbiat Modares University
769,Central Party School of the Communist Party of China
770,Nantong University
771,Qatar University
772,Cold Spring Harbor Laboratory
773,Kumamoto University
774,Toulouse INP
775,Henryk Niewodniczański Institute of Nuclear Physics
776,Örebro University
777,National University of Colombia
778,Quaid-i-Azam University
779,University of Calabria
780,University of Essex
781,University of Arkansas for Medical Sciences
782,"University of Science and Technology, Korea"
783,Federal University of Paraná
784,Isfahan University of Technology
785,"University of Science, Malaysia"
786,University of Alcalá
787,Shandong Agricultural University
788,Kitasato University
789,"University of Córdoba, Spain"
790,University of Luxembourg
791,Montana State University - Bozeman
792,Dongguk University
793,Augusta University
794,University of Castilla–La Mancha
795,University of Lübeck
796,Liverpool John Moores University
797,University of Girona
798,University of Rhode Island
799,University of Cyprus
800,Istanbul Technical University
801,Hangzhou Dianzi University
802,Guizhou University
803,Bangor University
804,"Birkbeck, University of London"
805,University of Messina
806,Murdoch University
807,International School for Advanced Studies
808,Addis Ababa University
809,Amirkabir University of Technology
810,National University of Malaysia (UKM)
811,University of Vigo
812,University of Debrecen
813,University of Ioannina
814,Mansoura University
815,Technical University of Braunschweig
816,University of Crete
817,SUNY Downstate Health Sciences University
818,"University of Nevada, Las Vegas"
819,National University of Córdoba
820,Homi Bhabha National Institute
821,University of North Carolina at Charlotte
822,Tokyo University of Science
823,National Taiwan University of Science and Technology
824,Fujian Normal University
825,Kangwon National University
826,Tomsk State University
827,Sichuan Agricultural University
828,Hasselt University
829,Indian Institute of Technology Kanpur
830,Marche Polytechnic University
831,"University of Maryland, Baltimore County"
832,Miami University
833,University of Brasília
834,Northern Arizona University
835,"University of California, Merced"
836,Graduate University for Advanced Studies
837,Panjab University
838,Tokyo Metropolitan University
839,Centrale Lille Institut
840,Kaohsiung Medical University
841,Carl von Ossietzky University of Oldenburg
842,Qilu University of Technology
843,"Graduate School, GRINM"
844,Juntendo University
845,"Putra University, Malaysia"
846,Khalifa University
847,University of Portsmouth
848,University of the Balearic Islands
849,Xiangtan University
850,Toronto Metropolitan University
851,Indian Institute of Technology Roorkee
852,University of Alicante
853,"University of Technology, Malaysia"
854,National Sun Yat-sen University
855,University of Picardie Jules Verne
856,Adam Mickiewicz University in Poznań
857,London Business School
858,Shahid Beheshti University of Medical Sciences
859,University of Patras
860,North-West University
861,University of Concepción
862,Gyeongsang National University
863,Kent State University
864,University of Idaho
865,Chang'an University
866,Qufu Normal University
867,Gwangju Institute of Science and Technology
868,Northeast Agricultural University
869,National Centre for Nuclear Research
870,Rio de Janeiro State University
871,Woods Hole Oceanographic Institution
872,University of Salento
873,Ohio University
874,Banaras Hindu University
875,Uniformed Services University of the Health Sciences
876,Nanjing University of Chinese Medicine
877,Shantou University
878,Alexandria University
879,Graz University of Technology
880,Getúlio Vargas Foundation
881,University of Hohenheim
882,Edith Cowan University
883,Norwegian University of Life Sciences
884,Chiang Mai University
885,Zhejiang Sci-Tech University
886,Nagasaki University
887,Federal University of Pernambuco
888,Gachon University
889,"All India Institute of Medical Sciences, New Delhi"
890,University of Tabriz
891,Jean Monnet University
892,Singapore University of Technology and Design
893,St. Petersburg Federal Research Center of the Russian Academy of Sciences
894,Hubei University
895,Wroclaw Medical University
896,University of Montana
897,"University of the Andes, Colombia"
898,University of Insubria
899,University of Toledo
900,Budker Institute of Nuclear Physics of the Siberian Branch of the Russian Academy of Sciences
901,University of Wuppertal
902,Shanghai Normal University
903,Carlos III University of Madrid
904,Dalian Maritime University
905,University of Brighton
906,University of L'Aquila
907,Chungbuk National University
908,Cranfield University
909,Northeast Forestry University
910,University of Greifswald
911,Peter the Great St. Petersburg Polytechnic University
912,Makerere University
913,Tiangong University
914,"Open University, UK"
915,University of Alaska Fairbanks
916,Medical University of Warsaw
917,Tianjin University of Technology
918,New Jersey Institute of Technology
919,Australian Catholic University
920,Missouri University of Science and Technology
921,Old Dominion University
922,Wuhan University of Science and Technology
923,Shanghai University of Finance and Economics
924,L.D. Landau Institute for Theoretical Physics of the Russian Academy of Sciences
925,ITMO University
926,University of Limerick
927,University of Siegen
928,University of Split
929,Inje University
930,Kindai University
931,Capital Normal University
932,Hebei University
933,Wenzhou University
934,University of Tours
935,Keele University
936,Tokushima University
937,University of Wrocław
938,Jaume I University
939,Iran University of Science and Technology
940,University of Valladolid
941,University of Denver
942,Polytechnic University of Bari
943,New Mexico State University
944,King Juan Carlos University
945,Changsha University of Science and Technology
946,Southwestern University of Finance and Economics
947,Aston University
948,Indian Institute of Technology Guwahati
949,University of Basilicata
950,Hallym University
951,Federal University of Rio Grande do Norte
952,University of Reims Champagne-Ardenne
953,Shizuoka University
954,Wesleyan University
955,Courtauld Institute of Art
956,Marmara University
957,Norwegian School of Economics
958,Zhejiang A&F University
959,Shiraz University
960,Northern Illinois University
961,Federal University of Ceará
962,Babeș-Bolyai University
963,Claremont McKenna College
964,Shaanxi University of Science and Technology
965,Jawaharlal Nehru University
966,Federal University of São Carlos
967,Henan University of Science and Technology
968,Gabriele d’Annunzio University
969,Duy Tân University
970,"University of the Republic, Uruguay"
971,Hunan Agricultural University
972,Ferdowsi University of Mashhad
973,University of Orléans
974,Meijo University
975,Tunis El Manar University
976,Villanova University
977,Nihon University
978,Michigan Technological University
979,Jawaharlal Nehru Centre for Advanced Scientific Research
980,Xi'an University of Technology
981,Institute for Nuclear Research of the Russian Academy of Sciences
982,Fluminense Federal University
983,Vellore Institute of Technology
984,Federal University of Viçosa
985,University of A Coruña
986,Federal University of Pelotas
987,Johannes Kepler University Linz
988,Manchester Metropolitan University
989,University of Southern Queensland
990,Changzhou University
991,University of Antioquia
992,Mohammed V University
993,Lappeenranta University of Technology
994,Aberystwyth University
995,University of Stirling
996,Federico Santa María Technical University
997,University of Sassari
998,Southwest University of Science and Technology
999,Jiangsu University of Science and Technology
1000,University of Memphis
1001,China University of Mining and Technology-Beijing
1002,Polytechnic University of Bucharest
1003,Budapest University of Technology and Economics
1004,Paul Valéry University
1005,East Carolina University
1006,Portland State University
1007,Huaqiao University
1008,Nicolaus Copernicus University
1009,Koç University
1010,Ege University
1011,Sorbonne Paris Nord University
1012,Southwest Petroleum University
1013,Royal College of Surgeons in Ireland
1014,Monterrey Institute of Technology and Higher Education
1015,Chongqing University of Posts and Telecommunications
1016,Jiangxi Normal University
1017,Xinjiang University
1018,Yerevan Physics Institute
1019,University of Windsor
1020,Aga Khan University
1021,Tokai University
1022,United Arab Emirates University
1023,Institut national de la recherche scientifique
1024,Federal University of Bahia
1025,Medical University of Lodz
1026,Assiut University
1027,Iran University of Medical Sciences
1028,University of Seoul
1029,Dalian Medical University
1030,Auckland University of Technology
1031,Federal University of Santa Maria
1032,Belarusian State University
1033,Wuhan Institute of Technology
1034,University of South China
1035,Henan Agricultural University
1036,Institute of Science and Technology Austria
1037,Beijing Technology and Business University
1038,Hebei Medical University
1039,North Dakota State University
1040,Wrocław University of Science and Technology
1041,University of Extremadura
1042,American University
1043,Guangxi Medical University
1044,Anhui Agricultural University
1045,Ulster University
1046,Shanghai University of Traditional Chinese Medicine
1047,Oberlin College
1048,Sofia University
1049,Miguel Hernández University of Elche
1050,Florida Atlantic University
1051,Benemérita Autonomous University of Puebla
1052,Bucknell University
1053,Paracelsus Medical University
1054,Czech University of Life Sciences Prague
1055,Tôn Đức Thắng University
1056,Copenhagen Business School
1057,Guangzhou University of Chinese Medicine
1058,Okinawa Institute of Science and Technology
1059,Kazan Federal University
1060,Postgraduate Institute of Medical Education and Research
1061,University of Thessaly
1062,University of Ibadan
1063,Çukurova University
1064,"Asia University, Taiwan"
1065,Nottingham Trent University
1066,Xuzhou Medical University
1067,University of Cádiz
1068,Zagazig University
1069,Carol Davila University of Medicine and Pharmacy
1070,Southern Illinois University Carbondale
1071,Liaocheng University
1072,Gifu University
1073,Humanitas University
1074,Luleå University of Technology
1075,University of Texas at El Paso
1076,University of Akron
1077,Henan Polytechnic University
1078,Sechenov University
1079,Chengdu University of Technology
1080,Ramon Llull University
1081,Skolkovo Institute of Science and Technology
1082,Jiangsu Normal University
1083,Cheung Kong Graduate School of Business
1084,University of Kaiserslautern-Landau
1085,Marquette University
1086,University of Mannheim
1087,Rochester Institute of Technology
1088,Heilongjiang University
1089,University of Naples Parthenope
1090,Federal University of Juiz de Fora
1091,Ural Federal University
1092,University of Sharjah
1093,SUNY Upstate Medical University
1094,Bilkent University
1095,"Indian Institute of Science Education and Research, Pune"
1096,Gazi University
1097,Qingdao Agricultural University
1098,University of New Brunswick
1099,Brazilian Center for Research in Physics (CBPF)
1100,National Taiwan Normal University
1101,Guangxi Normal University
1102,University of Mons
1103,Anhui Normal University
1104,University of Hyogo
1105,Victoria University
1106,Ivane Javakhishvili Tbilisi State University
1107,University of Toyama
1108,Soonchunhyang University
1109,University of the Punjab
1110,INSA Toulouse
1111,Medical University of Gdańsk
1112,Charles Darwin University
1113,USI - University of Italian-speaking Switzerland
1114,University of Agriculture Faisalabad
1115,National University of Sciences and Technology
1116,New York University Abu Dhabi
1117,Fordham University
1118,Xi'an University of Architecture and Technology
1119,Federal University of Goiás
1120,Worcester Polytechnic Institute
1121,University of Novi Sad
1122,Federal University of ABC
1123,National Taipei University of Technology
1124,"University of New England, Australia"
1125,University of South Bohemia
1126,Ehime University
1127,Jichi Medical University
1128,Cadi Ayyad University
1129,Andrés Bello University
1130,Yantai University
1131,Manipal Academy of Higher Education
1132,Colgate University
1133,Guilin University of Electronic Technology
1134,Chengdu University
1135,University of Canberra
1136,Tomsk Polytechnic University
1137,University of Regina
1138,Mario Negri Institute for Pharmacological Research
1139,Daegu Gyeongbuk Institute of Science and Technology
1140,University of Kassel
1141,University of the Free State
1142,University of Sfax
1143,Shahid Beheshti University
1144,Liverpool School of Tropical Medicine
1145,Ritsumeikan University
1146,Shanxi Medical University
1147,University of Massachusetts Lowell
1148,Coventry University
1149,Tokyo University of Agriculture and Technology
1150,Tokyo Women's Medical University
1151,Dublin City University
1152,Sogang University
1153,Tanta University
1154,Hassan II University of Casablanca
1155,University of Bucharest
1156,University of Lleida
1157,Tianjin University of Science and Technology
1158,Åbo Akademi University
1159,Charles Sturt University
1160,Westlake University
1161,Medical University of Silesia
1162,University of Hertfordshire
1163,Mashhad University of Medical Sciences
1164,Zhejiang Gongshang University
1165,Pepperdine University
1166,Paderborn University
1167,Jadavpur University
1168,Northwest Normal University
1169,Pomona College
1170,Yıldız Technical University
1171,École nationale supérieure de chimie de Montpellier
1172,Dankook University
1173,China Three Gorges University
1174,University of Calcutta
1175,Babson College
1176,Istanbul University-Cerrahpaşa
1177,Yamagata University
1178,Dongguan University of Technology
1179,Hunter College
1180,University of Texas Rio Grande Valley
1181,Toho University
1182,VetAgro Sup
1183,University of Salzburg
1184,Sant'Anna School of Advanced Studies
1185,Gran Sasso Science Institute
1186,Pablo de Olavide University
1187,Pukyong National University
1188,University of Ghana
1189,University of Western Cape
1190,University of North Carolina at Greensboro
1191,University of Urbino
1192,Shanghai Ocean University
1193,King Khalid University
1194,Sanford Burnham Prebys Medical Discovery Institute
1195,Bournemouth University
1196,Hamad Bin Khalifa University
1197,Loma Linda University
1198,V.A. Engelhardt Institute of Molecular Biology of the Russian Academy of Sciences
1199,Khon Kaen University
1200,Poznan University of Medical Sciences
1201,Inner Mongolia University
1202,United States Naval Academy
1203,Kagoshima University
1204,Anhui University of Technology
1205,Brno University of Technology
1206,Dokuz Eylül University
1207,Anna University
1208,University of Waikato
1209,Shihezi University
1210,"University of Chemistry and Technology, Prague"
1211,Al-Azhar University
1212,Tabriz University of Medical Sciences
1213,Creighton University
1214,University of Augsburg
1215,Teikyo University
1216,"Vietnam National University, Hanoi"
1217,Singapore Management University
1218,University of Pécs
1219,Lanzhou University of Technology
1220,University of Maribor
1221,Gunma University
1222,University of Gdańsk
1223,"University of the West of England, Bristol"
1224,University of South Africa
1225,China Jiliang University
1226,Prince of Songkla University
1227,Bohai University
1228,Shiraz University of Medical Sciences
1229,Kyoto Prefectural University of Medicine
1230,Fujita Health University
1231,University of Upper Alsace
1232,University of Lincoln
1233,North University of China
1234,Thapar Institute of Engineering and Technology
1235,Indian Agricultural Research Institute
1236,Metropolitan Autonomous University
1237,University of Jaén
1238,Shenyang Agricultural University
1239,Jikei University
1240,Chuo University
1241,Huzhou University
1242,Nippon Medical School
1243,Nagoya City University
1244,Florida Institute of Technology
1245,Aligarh Muslim University
1246,Indian Institute of Technology Hyderabad
1247,National Defense Medical Center
1248,Yangtze University
1249,Gaziantep University
1250,Keimyung University
1251,Jordan University of Science and Technology
1252,Gdańsk University of Technology
1253,University of the Sunshine Coast
1254,Shenyang Pharmaceutical University
1255,South Dakota State University
1256,Prince Sattam Bin Abdulaziz University
1257,National Institute of Public Health (INSP)
1258,Brandenburg University of Technology
1259,Kunming Medical University
1260,"Birla Institute of Technology and Science, Pilani"
1261,Erciyes University
1262,Institute of Mathematics of the National Academy of Sciences of Ukraine
1263,Howard University
1264,K. N. Toosi University of Technology
1265,Sultan Qaboos University
1266,Isfahan University of Medical Sciences
1267,Federal University of Paraíba
1268,Federal University of Espírito Santo
1269,Conservatoire national des arts et métiers
1270,"University of Veterinary Medicine, Vienna"
1271,Shandong University of Technology
1272,Education University of Hong Kong
1273,Silesian University of Technology
1274,Catholic University of America
1275,"Vietnam National University, Ho Chi Minh City"
1276,Suzhou University of Science and Technology
1277,Autonomous University of San Luis Potosí
1278,University of Technology of Belfort-Montbéliard
1279,Shanghai Maritime University
1280,Foshan University
1281,King Saud bin Abdulaziz University for Health Sciences
1282,University of Stavanger
1283,Ca' Foscari University of Venice
1284,Federal University of Lavras
1285,Oakland University
1286,National University of Science and Technology MISiS
1287,Taif University
1288,Federal University of Pará
1289,University of Greenwich
1290,Zhejiang Chinese Medical University
1291,Wilfrid Laurier University
1292,University of Las Palmas de Gran Canaria
1293,Stevens Institute of Technology
1294,Federal University of Uberlândia
1295,Yokohama National University
1296,University of Jordan
1297,University of Hyderabad
1298,Mie University
1299,United States Military Academy
1300,Beijing University of Chinese Medicine
1301,Warsaw University of Life Sciences
1302,ESSEC Business School
1303,New York Medical College
1304,Yamaguchi University
1305,Brock University
1306,Magna Graecia University of Catanzaro
1307,Santa Clara University
1308,Nara Institute of Science and Technology
1309,Kwame Nkrumah University of Science and Technology
1310,Public University of Navarre
1311,Near East University
1312,École nationale vétérinaire d'Alfort
1313,Louisiana Tech University
1314,Campus Bio-Medico University
1315,Government College University Faisalabad
1316,Texas State University
1317,Tokyo Medical University
1318,South-Central Minzu University
1319,Manhattan University
1320,Peoples' Friendship University of Russia
1321,Hunan University of Science and Technology
1322,Saitama Medical University
1323,Maynooth University
1324,Xi'an University of Science and Technology
1325,Central South University of Forestry and Technology
1326,North China University of Science and Technology
1327,Soongsil University
1328,"Indian Institute of Science Education and Research, Kolkata"
1329,Hirosaki University
1330,National Institute for Space Research (INPE)
1331,University of Lodz
1332,SRM Institute of Science and Technology
1333,Kasetsart University
1334,Albany Medical College
1335,Fu Jen Catholic University
1336,Rhodes University
1337,University of Neuchâtel
1338,LSU Health Sciences Center New Orleans
1339,"Indian Institute of Technology (Indian School of Mines), Dhanbad"
1340,University of Foggia
1341,Tuscia University
1342,Hebei Agricultural University
1343,Shanghai University of Electric Power
1344,Henan University of Technology
1345,University of Silesia in Katowice
1346,Incheon National University
1347,Kuwait University
1348,Austral University of Chile
1349,Chemnitz University of Technology
1350,École centrale de Lyon
1351,Indian Institute of Technology (BHU) Varanasi
1352,University of North Dakota
1353,Imam Abdulrahman Bin Faisal University
1354,Boise State University
1355,"National Institute of Technology, Rourkela"
1356,Beni Suef University
1357,Mohammed First University Oujda
1358,Atatürk University
1359,National University of Distance Education
1360,Linnaeus University
1361,University of León
1362,Hubei University of Technology
1363,Guizhou Medical University
1364,Mersin University
1365,École de technologie supérieure
1366,University of Monastir
1367,Federal University of Mato Grosso do Sul
1368,State University of Maringá
1369,University of Almería
1370,Chung Shan Medical University
1371,University of Yaoundé I
1372,Transilvania University of Brașov
1373,University of Camerino
1374,Sichuan Normal University
1375,Istanbul Bilgi University
1376,University of Indonesia
1377,"California State University, Fullerton"
1378,Zhengzhou University of Light Industry
1379,Liaoning University
1380,Indian Institute of Technology Indore
1381,Babol Noshirvani University of Technology
1382,Smith College
1383,Guilin University of Technology
1384,Rowan University
1385,Federal University of São João del-Rei
1386,University of Guadalajara
1387,University of Alabama in Huntsville
1388,San Francisco State University
1389,Showa University
1390,SUNY College of Environmental Science and Forestry
1391,Toulouse Capitole University
1392,Southern Cross University
1393,Pushchino Scientific Center for Biological Research of the Russian Academy of Sciences
1394,Nanchang Hangkong University
1395,Jeju National University
1396,University of Huddersfield
1397,Zhongnan University of Economics and Law
1398,University of Carthage
1399,University of Costa Rica
1400,Harbin University of Science and Technology
1401,Lakehead University
1402,"California Polytechnic State University, San Luis Obispo"
1403,University of Nairobi
1404,Helwan University
1405,Kurume University
1406,Southwest Medical University
1407,Osnabrück University
1408,Indian Association for the Cultivation of Science
1409,Hebei Normal University
1410,Xi'an Jiaotong-Liverpool University
1411,University of Algarve
1412,University of Yamanashi
1413,Visva-Bharati University
1414,Qingdao University of Technology
1415,Dong-A University
1416,University of Puerto Rico at Mayagüez
1417,University of San Francisco
1418,Chung Yuan Christian University
1419,Wright State University
1420,Lodz University of Technology
1421,Anglia Ruskin University
1422,Akdeniz University
1423,İzmir Institute of Technology
1424,Tottori University
1425,Ningxia University
1426,Central Michigan University
1427,Suez Canal University
1428,Jiangxi University of Science and Technology
1429,Democritus University of Thrace
1430,Autonomous University of Nuevo León
1431,Kanazawa Institute of Technology
1432,"California State University, Fresno"
1433,Guangdong Medical University
1434,"University of the West Indies, Mona"
1435,Ariel University
1436,Tianjin Normal University
1437,"California State University, Northridge"
1438,University of Miyazaki
1439,University of La Frontera
1440,Saga University
1441,Fukushima Medical University
1442,Taibah University
1443,Umm Al-Qura University
1444,Royal Veterinary College
1445,"University of Santiago, Chile"
1446,University of South Alabama
1447,Oslo Metropolitan University
1448,Indian Institute of Management Calcutta
1449,Shanghai University of Engineering Science
1450,University of the Aegean
1451,West University of Timișoara
1452,Cha University
1453,University of Bradford
1454,Hyogo Medical University
1455,Federal University of Technology - Paraná
1456,Bowdoin College
1457,Cayetano Heredia Peruvian University
1458,Hofstra University
1459,University of Warmia and Mazury in Olsztyn
1460,University of Central Lancashire
1461,Istanbul Aydın University
1462,University of the Ryukyus
1463,Leuphana University of Lüneburg
1464,Menoufia University
1465,University of Beira Interior
1466,Dalian Polytechnic University
1467,Xinjiang Medical University
1468,Hangzhou Medical College
1469,University of Dayton
1470,Fukuoka University
1471,Ibero-American University
1472,University of Latvia
1473,Poznań University of Technology
1474,Benha University
1475,University of Health Sciences
1476,Saitama University
1477,Williams College
1478,Kafrelsheikh University
1479,Ilia State University
1480,University of Peshawar
1481,Uludağ University
1482,Medical University of Lublin
1483,Seoul National University of Science and Technology
1484,Pontifical Catholic University of Valparaíso
1485,Pomeranian Medical University in Szczecin
1486,University of Limoges
1487,University of Missouri-St. Louis
1488,Western Norway University of Applied Sciences
1489,University of International Business and Economics
1490,TOBB University of Economics and Technology
1491,University of Isfahan
1492,De Montfort University
1493,Guangdong Pharmaceutical University
1494,Karadeniz Technical University
1495,Tallinn University of Technology
1496,Linyi University
1497,Selçuk University
1498,Jilin Agricultural University
1499,University of Malawi
1500,Jiangxi Agricultural University
1501,Chosun University
1502,Tamkang University
1503,University of Kashan
1504,Army Engineering University of PLA
1505,Bowling Green State University
1506,Pontifical Catholic University of Rio Grande do Sul
1507,University of Dhaka
1508,Wuhan Textile University
1509,Carleton College
1510,Jiaxing University
1511,Adıyaman University
1512,University of Pau and Pays de l'Adour
1513,San Jose State University
1514,Fayoum University
1515,University of Agder
1516,Kōchi University
1517,Princess Nourah bint Abdulrahman University
1518,Central Queensland University
1519,University of Namur
1520,Alexandru Ioan Cuza University of Iaşi
1521,Shimane University
1522,National Taiwan Ocean University
1523,Oxford Brookes University
1524,Western Michigan University
1525,Maria Sklodowska-Curie National Research Institute of Oncology
1526,State University of Londrina
1527,University of Occupational and Environmental Health Japan
1528,Chengdu University of Traditional Chinese Medicine
1529,Chongqing Technology and Business University
1530,"California State University, Sacramento"
1531,National Chengchi University
1532,Wakayama Medical University
1533,Ball State University
1534,Institute of Solid State Physics of the Russian Academy of Sciences
1535,Taras Shevchenko National University of Kyiv
1536,Middlesex University
1537,"École supérieure de chimie, physique, électronique de Lyon"
1538,Indian Institute of Technology Bhubaneswar
1539,College of the Holy Cross
1540,Nazarbayev University
1541,Anhui University of Science and Technology
1542,Medical University Sofia
1543,Kharkiv Institute of Physics and Technology
1544,Minia University
1545,National Kaohsiung University of Science and Technology
1546,Shanxi Agricultural University
1547,Lebanese American University
1548,University of South-Eastern Norway
1549,Fırat University
1550,University of Avignon
1551,Kafkas University
1552,Doshisha University
1553,"California State University, Long Beach"
1554,Changchun University of Science and Technology
1555,Pavol Jozef Šafárik University in Košice
1556,"University of Puerto Rico, Medical Sciences Campus"
1557,"University of San Francisco, Quito"
1558,National Institute of Amazonian Research (INPA)
1559,Jazan University
1560,University of Kragujevac
1561,Open University of Catalonia
1562,Kagawa University
1563,Poznań University of Life Sciences
1564,Free University of Bozen-Bolzano
1565,Chongqing Normal University
1566,Vienna University of Economics and Business
1567,University of Southern Mississippi
1568,Xinxiang Medical University
1569,V.A. Steklov Mathematical Institute of the Russian Academy of Sciences
1570,Indian Institute of Technology Gandhinagar
1571,Iuliu Hațieganu University of Medicine and Pharmacy
1572,Tokat Gaziosmanpaşa University
1573,Tamil Nadu Dr. M.G.R. Medical University
1574,Urmia University
1575,Shanghai Institute of Technology
1576,National University of Rosario
1577,Hamamatsu University School of Medicine
1578,Montclair State University
1579,East China Jiaotong University
1580,XLRI - Xavier School of Management
1581,MARA University of Technology
1582,Kwansei Gakuin University
1583,Kermanshah University of Medical Sciences
1584,Federal University of Sergipe
1585,Ochanomizu University
1586,Texas Christian University
1587,Polytechnic Institute of Porto
1588,University of South Dakota
1589,University of Trás-os-Montes and Alto Douro
1590,Institute of Tropical Medicine Antwerp
1591,Saveetha Institute of Medical And Technical Sciences
1592,University of Electro-Communications
1593,Taizhou University (Zhejiang)
1594,International University of Health and Welfare
1595,Özyeğin University
1596,University of Sannio
1597,Freiberg University of Mining and Technology
1598,"National Institute of Technology, Tiruchirappalli"
1599,ISCTE – University Institute of Lisbon
1600,Aichi Medical University
1601,University of Salford
1602,British University in Egypt
1603,Bahçeşehir University
1604,Federation University Australia
1605,Nova Southeastern University
1606,Chapman University
1607,University of Gondar
1608,BI Norwegian Business School
1609,Feng Chia University
1610,Pontifical Javeriana University
1611,University of Minnesota Duluth
1612,University of Guilan
1613,Ludong University
1614,Nara Medical University
1615,University of Nigeria
1616,Witten/Herdecke University
1617,Kyushu Institute of Technology
1618,SOAS University of London
1619,Hamburg University of Technology
1620,Diego Portales University
1621,Kookmin University
1622,University of Malta
1623,Suranaree University of Technology
1624,Necmettin Erbakan University
1625,Amrita Vishwa Vidyapeetham
1626,Erzincan Binali Yıldırım University
1627,University of Zambia
1628,Lobachevsky University
1629,University of Rijeka
1630,Sabancı University
1631,Maria Curie-Skłodowska University
1632,Savitribai Phule Pune University
1633,Lincoln University
1634,National Chung Cheng University
1635,Mendel University in Brno
1636,Clark University
1637,Kwangwoon University
1638,Nanjing University of Finance & Economics
1639,China West Normal University
1640,Baruch College
1641,Xinyang Normal University
1642,Ondokuz Mayıs University
1643,Jamia Millia Islamia
1644,Federal University of Rio Grande
1645,Bahauddin Zakariya University
1646,Nagasaki Institute of Applied Science
1647,"Indian Statistical Institute, Kolkata"
1648,Liaoning University of Technology
1649,Sheffield Hallam University
1650,Catholic University of the North
1651,Institute of Applied Physics of the Russian Academy of Sciences
1652,Jacobs University
1653,Michoacán University of San Nicolás of Hidalgo
1654,University of Veterinary Medicine Hanover
1655,University of Valparaíso
1656,Nagoya Institute of Technology
1657,Tribhuvan University
1658,Semnan University
1659,Harbin Normal University
1660,Catholic University of Portugal
1661,Thammasat University
1662,Dongbei University of Finance and Economics
1663,Yancheng Institute of Technology
1664,Hanken School of Economics
1665,Chengdu University of Information Technology
1666,Yunnan Normal University
1667,"California State University, Los Angeles"
1668,Jimei University
1669,Central University of Finance and Economics
1670,Binzhou Medical University
1671,Clarkson University
1672,King Mongkut's University of Technology Thonburi
1673,Slovak University of Technology in Bratislava
1674,Shahid Bahonar University of Kerman
1675,International Islamic University Malaysia
1676,Georgian Technical University
1677,University of the Philippines Manila
1678,Hainan Medical University
1679,University of Tulsa
1680,Air Force Engineering University
1681,Arts et Métiers Sciences et Technologies
1682,Liaoning Normal University
1683,University of Peradeniya
1684,Antonio Nariño University
1685,Zhejiang Ocean University
1686,Lithuanian University of Health Sciences
1687,Kyorin University
1688,University of Perpignan
1689,CY Cergy Paris University
1690,"Institute of Physics, Azerbaijan National Academy of Sciences"
1691,Federal Rural University of Pernambuco
1692,Ningxia Medical University
1693,National University of the Littoral
1694,Shaoxing University
1695,University of Lahore
1696,Norwegian School of Sport Sciences
1697,Cleveland State University
1698,University of Science and Technology Liaoning
1699,Qinghai University
1700,University of Kurdistan
1701,Jimma University
1702,East China University of Technology
1703,Reed College
1704,University of Huelva
1705,Rikkyo University
1706,Guangdong Ocean University
1707,University of Notre Dame Australia
1708,Shanxi Normal University
1709,Jianghan University
1710,Mazandaran University of Medical Sciences
1711,University of Guanajuato
1712,University of Tabuk
1713,Ahvaz Jundishapur University of Medical Sciences
1714,University of Massachusetts Dartmouth
1715,Claremont Graduate University
1716,Nelson Mandela University
1717,University of Québec at Trois-Rivières
1718,Shiga University of Medical Science
1719,Grinnell College
1720,B.I. Stepanov Institute of Physics of The National Academy of Sciences of Belarus
1721,Lanzhou Jiaotong University
1722,University of Agriculture in Krakow
1723,Trent University
1724,Medical University of Białystok
1725,Mae Fah Luang University
1726,Krasnoyarsk Science Center of the Siberian Branch of the Russian Academy of Sciences
1727,DePaul University
1728,N.N. Semenov Institute of Chemical Physics of the Russian Academy of Sciences
1729,Bu-Ali Sina University
1730,Texas Tech University Health Sciences Center
1731,LSU Health Sciences Center Shreveport
1732,Polytechnic University of Hauts-de-France
1733,Eastern Virginia Medical School
1734,St. Marianna University School of Medicine
1735,Edinburgh Napier University
1736,Wonkwang University
1737,University of Évora
1738,PETRONAS University of Technology
1739,University of Leoben
1740,Georgia Southern University
1741,Qassim University
1742,Pontifical Catholic University of Peru
1743,Space Research Institute of the Russian Academy of Sciences
1744,Technical University of Ostrava
1745,Federal University of Mato Grosso
1746,Glasgow Caledonian University
1747,Sapporo Medical University
1748,Roskilde University
1749,University of Lethbridge
1750,Second Institute of Oceanography
1751,Chongqing Jiaotong University
1752,Razi University
1753,Hebei University of Science and Technology
1754,King Faisal University
1755,Bharathiar University
1756,Sookmyung Women's University
1757,Mekelle University
1758,University of Lagos
1759,University of Ruhuna
1760,University of Koblenz
1761,Technical University of Ilmenau
1762,Payame Noor University
1763,Hubei University of Medicine
1764,I-Shou University
1765,Guglielmo Marconi University
1766,Alfaisal University
1767,University of the West of Scotland
1768,Shandong Jianzhu University
1769,Iwate Medical University
1770,Estonian University of Life Sciences
1771,European University Institute
1772,Islamia University of Bahawalpur
1773,Xi'an Technological University
1774,Pontifical Catholic University of Rio de Janeiro
1775,Wuyi University (Guangdong)
1776,Kingston University
1777,Appalachian State University
1778,Western Washington University
1779,Menlo College
1780,University of Zielona Góra
1781,Kansai Medical University
1782,University of Cassino and Southern Lazio
1783,Yazd University
1784,University of the Philippines Diliman
1785,Pontifical Catholic University of Paraná
1786,Comillas Pontifical University
1787,Chongqing University of Technology
1788,Eastern Mediterranean University
1789,Illinois State University
1790,Sohag University
1791,Kocaeli University
1792,Zunyi Medical University
1793,National University of Cuyo
1794,University of Zimbabwe
1795,Polytechnic University of Cartagena
1796,Gansu Agricultural University
1797,Agricultural University of Athens
1798,Inner Mongolia Agricultural University
1799,Sakarya University
1800,Beijing University of Civil Engineering and Architecture
1801,University of Ha'il
1802,Ontario Tech University
1803,Bahir Dar University
1804,Franklin & Marshall College
1805,Xihua University
1806,Gadjah Mada University
1807,University of Louisiana at Lafayette
1808,University of Tarapacá
1809,Yuan Ze University
1810,Minjiang University
1811,Eulji University
1812,University of Niš
1813,Kerman University of Medical Sciences
1814,Cyprus University of Technology
1815,University of Toulouse-Jean Jaurès
1816,"Indian Institute of Science Education and Research, Bhopal"
1817,Süleyman Demirel University
1818,South Dakota School of Mines and Technology
1819,South Ural State University
1820,National Yunlin University of Science and Technology
1821,Autonomous University of Chile
1822,University of La Rioja
1823,Eskişehir Osmangazi University
1824,New York University Shanghai
1825,Embry-Riddle Aeronautical University
1826,University of Talca
1827,Jiangxi University of Finance and Economics
1828,Industrial University of Santander
1829,Ibaraki University
1830,University of Trier
1831,Institute for Pure and Applied Mathematics (IMPA)
1832,Southern Federal University
1833,A.A. Kharkevich Institute for Information Transmission Problems of the Russian Academy of Sciences
1834,Adolfo Ibáñez University
1835,Hungarian University of Agriculture and Life Sciences
1836,Federal University of Triângulo Mineiro
1837,Jouf University
1838,"Amity University, Noida"
1839,Rajiv Gandhi University of Health Sciences
1840,Taiyuan University of Science and Technology
1841,National University of Mar del Plata
1842,University of North Carolina Wilmington
1843,University of Colombo
1844,Northeast Electric Power University
1845,An-Najah National University
1846,Malmö University
1847,Laurentian University
1848,University of Fukui
1849,Ahmadu Bello University
1850,Ohio Wesleyan University
1851,Nicolaus Copernicus Astronomical Center of the Polish Academy of Sciences
1852,G.K. Boreskov Institute of Catalysis of the Siberian Branch of the Russian Academy of Sciences
1853,Hongik University
1854,Northeast Petroleum University
1855,Myongji University
1856,Dokkyo Medical University
1857,Irkutsk Scientific Center of the Siberian Branch of the Russian Academy of Sciences
1858,Kongju National University
1859,Saratov Scientific Center of the Russian Academy of Sciences
1860,St. John's University
1861,Kennesaw State University
1862,Osaka Medical and Pharmaceutical University
1863,Marshall University
1864,University of Molise
1865,Kyoto University of Education
1866,University of Toulon
1867,Trinity University
1868,Nanjing Institute of Technology
1869,Shenyang University of Technology
1870,IFP School
1871,Hiroshima Institute of Technology
1872,Changchun University of Technology
1873,University of Westminster
1874,New Mexico Institute of Mining and Technology
1875,Tianjin University of Traditional Chinese Medicine
1876,University of Desarrollo
1877,University of Management and Technology
1878,SASTRA
1879,Hanoi Medical University
1880,Punjab Agricultural University
1881,Yunnan Agricultural University
1882,National Dong Hwa University
1883,Riga Technical University
1884,Indian Institute of Technology Ropar
1885,"Indian Institute of Science Education and Research, Mohali"
1886,Oita University
1887,Cracow University of Technology
1888,WHU – Otto Beisheim School of Management
1889,University of Artois
1890,Malaviya National Institute of Technology Jaipur
1891,Suez University
1892,Karlstad University
1893,Wrocław University of Environmental and Life Sciences
1894,"Goldsmiths, University of London"
1895,University of Rzeszów
1896,Sanjay Gandhi Postgraduate Institute of Medical Sciences
1897,Gangneung-Wonju National University
1898,Tzu Chi University
1899,University of Jeddah
1900,Bandung Institute of Technology
1901,Sidi Mohamed Ben Abdellah University
1902,Anhui Polytechnic University
1903,Haramaya University
1904,Lebanese University
1905,University of Karachi
1906,American University in Cairo
1907,Leeds Beckett University
1908,James Madison University
1909,"Indian Institute of Science Education and Research, Thiruvananthapuram"
1910,Imam Mohammad Ibn Saud Islamic University
1911,Federal University of Ouro Preto
1912,Bond University
1913,University of Malaysia Terengganu
1914,Tunghai University
1915,Huaiyin Normal University
1916,University of Bergamo
1917,Hanoi University of Science and Technology
1918,Harokopio University
1919,Jönköping University
1920,"West Pomeranian University of Technology, Szczecin"
1921,Wuhan Polytechnic University
1922,Kharazmi University
1923,Alborz University of Medical Sciences
1924,"Institute of Chemical Technology, Mumbai"
1925,European University of Madrid
1926,Brooklyn College
1927,Delhi Technological University
1928,Institute of Mathematics of the Polish Academy of Sciences
1929,University of Mazandaran
1930,Federal University of Campina Grande
1931,University of Ostrava
1932,Union College
1933,Florida Agricultural and Mechanical University
1934,Towson University
1935,Giresun University
1936,Xi’an University of Posts & Telecommunications
1937,University of La Réunion
1938,Anadolu University
1939,First Institute of Oceanography
1940,University of Antofagasta
1941,University of Sousse
1942,Hamadan University of Medical Sciences
1943,Manisa Celal Bayar University
1944,University of Vic - Central University of Catalonia
1945,Kawasaki Medical School
1946,Federal University of Alagoas
1947,Shoolini University
1948,Kaunas University of Technology
1949,Cooper Union
1950,Federal University of Piauí
1951,N.D. Zelinsky Institute of Organic Chemistry of the Russian Academy of Sciences
1952,Jilin Normal University
1953,University of Jammu
1954,Akita University
1955,Bingöl University
1956,Siberian Federal University
1957,ESCP Business School
1958,Shenzhen Polytechnic University
1959,Muhimbili University of Health and Allied Sciences
1960,Technical University of Košice
1961,Shahrood University of Technology
1962,Minzu University of China
1963,Institut supérieur de l'aéronautique et de l'espace
1964,Shiraz University of Technology
1965,Istanbul Medeniyet University
1966,Obafemi Awolowo University
1967,Zurich University of Applied Sciences (ZHAW)
1968,National Institute of Mental Health and Neurosciences
1969,Yanbian University
1970,Baqiyatallah University of Medical Sciences
1971,University of Bialystok
1972,Pamukkale University
1973,Japan Advanced Institute of Science and Technology
1974,Southwest Minzu University
1975,Gebze Technical University
1976,Pirogov Russian National Research Medical University
1977,East Tennessee State University
1978,Pondicherry University
1979,Aswan University
1980,Mimar Sinan Fine Arts University
1981,Sichuan University of Science & Engineering
1982,M.M. Shemyakin and Y.A. Ovchinnikov Institute of Bioorganic Chemistry of the Russian Academy of Sciences
1983,College of Charleston
1984,Mid Sweden University
1985,Meiji University
1986,Sinop University
1987,Hebei University of Engineering
1988,Civil Aviation University of China
1989,Reichman University
1990,University of Madras
1991,Gorgan University of Agricultural Sciences & Natural Resources
1992,Catholic University of Daegu
1993,Zhongkai University of Agriculture and Engineering
1994,Technological Institute of Aeronautics
1995,Kettering University
1996,Hunan University of Technology
1997,Guizhou Normal University
1998,Bengbu Medical University
1999,Federal University of Amazonas
2000,Başkent University
